Hugo_Symbol	Amino_Acid_Position
ACVR1	206
ACVR1	258
ACVR1	328
AKT1	17
AKT1	323
AKT1	52
AKT1	79
AKT3	17
ALK	1174
ALK	1245
ALK	1275
ALK	395
ALK	401
ANKRD11	369
APC	1294
APC	1303
APC	1315
APC	1328
APC	1338
APC	1353
APC	1367
APC	1378
APC	1379
APC	1397
APC	1406
APC	1408
APC	1429
APC	213
APC	935
AR	702
AR	742
AR	875
AR	878
ARAF	214
ARAF	216
ARID1A	1142
ARID1A	1276
ARID1A	1335
ARID1A	1461
ARID1A	1721
ARID1A	1722
ARID1A	1989
ARID1A	2087
ARID1A	2158
ARID1A	693
ARID1A	X911_splice
ARID1B	1179
ARID1B	1652
ARID1B	966
ARID2	297
ARID2	314
ASXL2	1
ASXL2	330
ASXL2	357
ATM	1466
ATM	250
ATM	2832
ATM	2875
ATM	2888
ATM	2890
ATM	3008
ATM	337
ATRX	1426
ATRX	907
ATRX	X199_splice
AXIN1	X652_splice
AXL	273
AXL	443
B2M	1
B2M	12
B2M	7
B2M	X23_splice
BCL10	173
BCL10	174
BCL10	178
BCL2	131
BCL2	172
BCL2	22
BCL2	33
BCL2L11	156
BCL6	594
BCL6	618
BCOR	1459
BRAF	466
BRAF	469
BRAF	485
BRAF	581
BRAF	594
BRAF	596
BRAF	597
BRAF	600
BRAF	601
BRAF	X327_splice
BRCA2	2303
BRD4	1065
CARD11	215
CARD11	251
CARD11	337
CARD11	357
CARD11	401
CARD11	423
CARD11	626
CARD11	93
CASP8	127
CASP8	292
CASP8	491
CASP8	494
CASP8	X243_splice
CBFB	1
CBFB	73
CBL	384
CCND1	286
CCND1	287
CCND1	44
CCND1	47
CCND1	9
CCND3	276
CCND3	290
CD79B	197
CD79B	X185_splice
CDH1	190
CDH1	23
CDH1	254
CDH1	288
CDH1	335
CDH1	63
CDH1	X177_splice
CDH1	X278_splice
CDH1	X440_splice
CDH1	X722_splice
CDK12	890
CDK4	22
CDK4	24
CDK6	65
CDKN1A	1
CDKN1B	72
CDKN1B	X159_splice
CDKN2A	108
CDKN2A	110
CDKN2A	114
CDKN2A	12
CDKN2A	120
CDKN2A	129
CDKN2A	130
CDKN2A	42
CDKN2A	48
CDKN2A	50
CDKN2A	58
CDKN2A	74
CDKN2A	80
CDKN2A	83
CDKN2A	84
CDKN2A	88
CDKN2A	X153_splice
CDKN2A	X51_splice
CHEK2	346
CIC	1512
CIC	1515
CIC	201
CIC	202
CIC	203
CIC	205
CIC	215
CIC	231
CIC	238
CIC	X151_splice
CREBBP	1431
CREBBP	1435
CREBBP	1446
CREBBP	1450
CREBBP	1472
CREBBP	1482
CREBBP	1499
CREBBP	1502
CREBBP	1503
CRLF2	128
CTCF	1
CTCF	226
CTCF	284
CTCF	288
CTCF	354
CTCF	377
CTCF	448
CTLA4	17
CTNNB1	292
CTNNB1	32
CTNNB1	33
CTNNB1	335
CTNNB1	34
CTNNB1	35
CTNNB1	36
CTNNB1	37
CTNNB1	383
CTNNB1	387
CTNNB1	41
CTNNB1	45
CTNNB1	535
CUL3	20
CUL3	299
CYSLTR2	129
DICER1	1344
DICER1	1709
DICER1	1810
DICER1	1813
DIS3	382
DIS3	479
DIS3	488
DIS3	689
DIS3	767
DIS3	780
DNAJB1	190
DNMT1	432
DNMT1	51
DNMT3A	882
DNMT3B	229
EGFR	108
EGFR	222
EGFR	252
EGFR	263
EGFR	289
EGFR	304
EGFR	363
EGFR	596
EGFR	598
EGFR	62
EGFR	709
EGFR	719
EGFR	747
EGFR	750
EGFR	754
EGFR	768
EGFR	790
EGFR	833
EGFR	838
EGFR	858
EGFR	861
EIF1AX	10
EIF1AX	13
EIF1AX	15
EIF1AX	2
EIF1AX	4
EIF1AX	6
EIF1AX	8
EIF1AX	9
EIF1AX	X113_splice
EIF1AX	X6_splice
EIF4A2	1
EP300	1164
EP300	1399
EP300	1414
EP300	1451
EP300	1455
EP300	1466
EP300	1467
EP300	415
EP300	X1429_splice
EP300	X1539_splice
EPAS1	531
EPAS1	532
EPHA3	136
EPHA7	656
EPHB1	743
ERBB2	103
ERBB2	138
ERBB2	277
ERBB2	293
ERBB2	310
ERBB2	659
ERBB2	660
ERBB2	678
ERBB2	697
ERBB2	733
ERBB2	755
ERBB2	767
ERBB2	769
ERBB2	776
ERBB2	777
ERBB2	842
ERBB2	862
ERBB2	869
ERBB3	103
ERBB3	104
ERBB3	126
ERBB3	219
ERBB3	228
ERBB3	232
ERBB3	284
ERBB3	297
ERBB3	329
ERBB3	332
ERBB3	355
ERBB3	475
ERBB3	60
ERBB3	846
ERBB3	91
ERBB3	928
ERBB4	1002
ERBB4	1102
ERBB4	1223
ERBB4	1289
ERBB4	707
ERBB4	774
ERBB4	798
ERCC2	14
ERCC2	238
ERCC2	24
ERCC2	246
ERCC2	463
ERCC2	484
ERCC2	606
ERCC2	609
ERCC2	72
ERCC3	713
ERG	354
ERRFI1	116
ERRFI1	409
ESR1	380
ESR1	536
ESR1	537
ESR1	538
ETV6	284
ETV6	369
ETV6	X11_splice
EZH2	515
EZH2	646
EZH2	665
FAM58A	X141_splice
CCNQ	X141_splice
FAT1	1627
FBXW7	14
FBXW7	224
FBXW7	278
FBXW7	287
FBXW7	367
FBXW7	385
FBXW7	393
FBXW7	423
FBXW7	437
FBXW7	441
FBXW7	465
FBXW7	479
FBXW7	505
FBXW7	520
FBXW7	532
FBXW7	545
FBXW7	546
FBXW7	582
FBXW7	658
FBXW7	689
FBXW7	X195_splice
FGFR1	577
FGFR1	687
FGFR2	203
FGFR2	252
FGFR2	253
FGFR2	276
FGFR2	375
FGFR2	382
FGFR2	549
FGFR3	248
FGFR3	249
FGFR3	370
FGFR3	371
FGFR3	373
FGFR3	380
FGFR3	650
FGFR3	8
FGFR4	535
FGFR4	550
FH	336
FLT3	835
FOXA1	176
FOXA1	219
FOXA1	226
FOXA1	242
FOXA1	247
FOXA1	250
FOXA1	253
FOXA1	259
FOXA1	261
FOXA1	266
FOXL2	118
FOXL2	134
FOXO1	205
FOXO1	22
FOXO1	24
FOXP1	448
FOXP1	514
FOXP1	X511_splice
FUBP1	430
GATA2	352
GATA3	293
GATA3	364
GATA3	366
GLI1	380
GNA11	183
GNA11	209
GNAQ	183
GNAQ	209
GNAQ	48
GNAQ	96
GNAS	160
GNAS	201
GNAS	227
GPS2	X242_splice
GSK3B	X239_splice
GTF2I	424
GTF2I	440
GTF2I	641
H3F3A	28
H3-3A	28
H3F3A	35
H3-3A	35
HGF	229
HIST1H1C	115
H1-2	115
HIST1H1C	180
H1-2	180
HIST1H3B	106
H3C2	106
HIST1H3B	28
H3C2	28
HIST1H3B	51
H3C2	51
HIST1H3C	37
H3C3	37
HIST1H3H	37
H3C10	37
HLA-A	180
HLA-B	69
HNF1A	114
HNF1A	27
HNF1A	288
HNF1A	338
HNF1A	591
HRAS	117
HRAS	12
HRAS	13
HRAS	61
IDH1	132
IDH2	140
IDH2	172
IGF1R	129
IKZF1	304
IL7R	206
IL7R	241
IL7R	395
INPPL1	1185
INPPL1	70
IRF4	123
IRF4	428
IRF4	99
IRS2	1057
JAK1	910
JUN	112
KDM6A	1003
KDM6A	526
KDM6A	555
KDM6A	X1246_splice
KDM6A	X1293_splice
KDM6A	X129_splice
KDM6A	X1336_splice
KDM6A	X76_splice
KDR	1032
KDR	1037
KDR	482
KEAP1	110
KEAP1	155
KEAP1	260
KEAP1	272
KEAP1	320
KEAP1	333
KEAP1	417
KEAP1	470
KEAP1	480
KEAP1	601
KIT	557
KIT	559
KIT	560
KIT	576
KIT	642
KIT	654
KIT	816
KIT	820
KIT	822
KIT	823
KIT	888
KLF4	409
KMT2A	1264
KMT2C	4549
KMT2C	56
KMT2D	1375
KMT2D	1903
KMT2D	2685
KMT2D	5179
KMT2D	5432
KNSTRN	12
KNSTRN	22
KNSTRN	24
KNSTRN	28
KRAS	11
KRAS	117
KRAS	12
KRAS	13
KRAS	146
KRAS	19
KRAS	22
KRAS	33
KRAS	5
KRAS	59
KRAS	60
KRAS	61
LYN	364
MAP2K1	121
MAP2K1	122
MAP2K1	124
MAP2K1	128
MAP2K1	130
MAP2K1	203
MAP2K1	386
MAP2K1	53
MAP2K1	56
MAP2K1	57
MAP2K2	57
MAP2K4	110
MAP2K4	134
MAP2K4	184
MAP2K4	X297_splice
MAP2K4	X347_splice
MAP3K1	1330
MAP3K1	380
MAP3K13	X502_splice
MAPK1	322
MAX	28
MAX	36
MAX	60
MED12	1223
MED12	1224
MED12	44
MEF2B	4
MET	1003
MET	1010
MET	1070
MET	1094
MET	1200
MET	1230
MET	1250
MET	222
MET	X1010_splice
MGA	1242
MSH2	580
MST1	673
MTOR	1459
MTOR	1460
MTOR	1483
MTOR	1799
MTOR	1888
MTOR	1971
MTOR	1977
MTOR	2006
MTOR	2215
MTOR	2327
MTOR	2427
MTOR	2500
MYC	161
MYC	7
MYC	73
MYC	74
MYCN	44
MYD88	166
MYD88	232
MYD88	243
MYD88	265
MYOD1	122
NCOA3	80
NF1	1241
NF1	1870
NF1	2450
NF1	440
NF1	461
NFE2L2	24
NFE2L2	26
NFE2L2	28
NFE2L2	29
NFE2L2	30
NFE2L2	31
NFE2L2	34
NFE2L2	77
NFE2L2	79
NFE2L2	80
NFE2L2	81
NFE2L2	82
NOTCH1	310
NOTCH1	365
NOTCH1	440
NOTCH1	455
NOTCH1	471
NOTCH1	853
NOTCH2	235
NOTCH2	2400
NRAS	12
NRAS	13
NRAS	60
NRAS	61
NSD1	1710
NSD1	392
NUP93	14
NUP93	15
NUP93	733
PAK7	173
PAK5	173
PARP1	500
PAX5	26
PBRM1	1160
PBRM1	710
PBRM1	921
PBRM1	X856_splice
PDGFRA	229
PDGFRA	235
PDGFRA	659
PDGFRA	842
PDPK1	499
PGR	836
PIK3CA	1
PIK3CA	1004
PIK3CA	1007
PIK3CA	1021
PIK3CA	1025
PIK3CA	104
PIK3CA	1043
PIK3CA	1044
PIK3CA	1047
PIK3CA	1049
PIK3CA	1052
PIK3CA	106
PIK3CA	1065
PIK3CA	107
PIK3CA	108
PIK3CA	111
PIK3CA	115
PIK3CA	118
PIK3CA	344
PIK3CA	345
PIK3CA	350
PIK3CA	357
PIK3CA	364
PIK3CA	365
PIK3CA	378
PIK3CA	38
PIK3CA	39
PIK3CA	420
PIK3CA	453
PIK3CA	471
PIK3CA	539
PIK3CA	542
PIK3CA	545
PIK3CA	546
PIK3CA	604
PIK3CA	726
PIK3CA	81
PIK3CA	88
PIK3CA	90
PIK3CA	901
PIK3CA	93
PIK3CA	939
PIK3CA	970
PIK3CB	1051
PIK3CB	1067
PIK3CB	321
PIK3CD	1021
PIK3CD	416
PIK3CD	894
PIK3R1	348
PIK3R1	376
PIK3R1	379
PIK3R1	452
PIK3R1	560
PIK3R1	564
PIK3R1	567
PIK3R1	X434_splice
PIK3R1	X475_splice
PIK3R1	X582_splice
PIK3R2	373
PIK3R2	557
PIM1	2
PIM1	24
PIM1	28
PIM1	37
PIM1	7
PIM1	79
PIM1	97
PLK2	208
PMS2	651
POLE	18
POLE	286
POLE	411
PPM1D	525
PPP2R1A	179
PPP2R1A	182
PPP2R1A	183
PPP2R1A	256
PPP4R2	418
PPP6C	264
PPP6C	270
PRDM14	204
PRDM14	505
PREX2	50
PRKCI	480
PTEN	101
PTEN	105
PTEN	111
PTEN	124
PTEN	126
PTEN	127
PTEN	129
PTEN	130
PTEN	132
PTEN	136
PTEN	140
PTEN	146
PTEN	155
PTEN	16
PTEN	165
PTEN	170
PTEN	171
PTEN	173
PTEN	174
PTEN	177
PTEN	178
PTEN	233
PTEN	24
PTEN	247
PTEN	251
PTEN	27
PTEN	274
PTEN	277
PTEN	320
PTEN	335
PTEN	336
PTEN	346
PTEN	35
PTEN	38
PTEN	61
PTEN	65
PTEN	67
PTEN	68
PTEN	71
PTEN	92
PTEN	93
PTEN	X212_splice
PTEN	X267_splice
PTEN	X268_splice
PTEN	X342_splice
PTEN	X343_splice
PTEN	X70_splice
PTEN	X85_splice
PTPN11	285
PTPN11	308
PTPN11	461
PTPN11	468
PTPN11	503
PTPN11	507
PTPN11	510
PTPN11	61
PTPN11	69
PTPN11	72
PTPN11	76
PTPRD	431
PTPRS	1492
PTPRS	398
PTPRT	364
PTPRT	548
PTPRT	668
PTPRT	695
RAC1	111
RAC1	12
RAC1	135
RAC1	178
RAC1	18
RAC1	29
RAC1	34
RAC1	61
RAD50	69
RAD51C	21
RAD51C	224
RAD52	396
RAF1	257
RAF1	259
RARA	286
RB1	251
RB1	320
RB1	445
RB1	455
RB1	467
RB1	552
RB1	579
RB1	606
RB1	787
RB1	X127_splice
RB1	X203_splice
RB1	X405_splice
RB1	X406_splice
RB1	X445_splice
RB1	X463_splice
RB1	X46_splice
RB1	X474_splice
RB1	X500_splice
RB1	X605_splice
RB1	X654_splice
RB1	X702_splice
RB1	X776_splice
RB1	X830_splice
RB1	X89_splice
RBM10	153
RBM10	X91_splice
RECQL4	X766_splice
RET	918
RHEB	35
RHOA	161
RHOA	17
RHOA	22
RHOA	34
RHOA	37
RHOA	40
RHOA	42
RHOA	47
RHOA	5
RHOA	57
RHOA	62
RHOA	69
RICTOR	1101
RIT1	77
RIT1	82
RIT1	90
RNF43	132
RNF43	145
RNF43	371
RNF43	86
RPS6KA4	236
RPS6KA4	629
RPTOR	139
RRAS2	72
RUNX1	162
RUNX1	201
RXRA	427
SDHA	445
SDHA	639
SDHA	644
SDHAF2	10
SDHAF2	X87_splice
SESN2	425
SETD2	1603
SETD2	1625
SETD2	1666
SETD2	X1572_splice
SF3B1	623
SF3B1	625
SF3B1	626
SF3B1	666
SF3B1	700
SF3B1	701
SF3B1	740
SF3B1	741
SF3B1	742
SF3B1	894
SF3B1	902
SMAD2	182
SMAD2	303
SMAD2	305
SMAD2	321
SMAD2	463
SMAD2	464
SMAD3	268
SMAD3	287
SMAD4	118
SMAD4	178
SMAD4	330
SMAD4	351
SMAD4	352
SMAD4	353
SMAD4	355
SMAD4	356
SMAD4	361
SMAD4	363
SMAD4	386
SMAD4	419
SMAD4	445
SMAD4	493
SMAD4	510
SMAD4	524
SMAD4	526
SMAD4	534
SMAD4	536
SMAD4	537
SMAD4	95
SMARCA4	1135
SMARCA4	1157
SMARCA4	1189
SMARCA4	1192
SMARCA4	1232
SMARCA4	1243
SMARCA4	781
SMARCA4	821
SMARCA4	910
SMARCA4	973
SMARCB1	374
SMARCB1	377
SMARCD1	183
SMO	412
SMO	414
SMO	535
SOCS1	3
SOS1	233
SOS1	90
SOX17	403
SOX17	96
SPOP	102
SPOP	117
SPOP	125
SPOP	129
SPOP	131
SPOP	133
SPOP	87
SPRED1	349
SRSF2	95
STAG2	216
STAT3	384
STAT3	410
STAT3	614
STAT3	661
STK11	165
STK11	174
STK11	179
STK11	181
STK11	194
STK11	196
STK11	216
STK11	220
STK11	221
STK11	223
STK11	239
STK11	242
STK11	251
STK11	308
STK11	84
STK11	X125_splice
STK11	X155_splice
STK11	X200_splice
STK11	X245_splice
STK11	X288_splice
STK11	X307_splice
STK11	X97_splice
STK19	89
SUZ12	101
TBX3	113
TCEB1	79
ELOC	79
TCF3	551
TCF7L1	551
TCF7L2	471
TET1	1752
TET2	550
TGFBR1	241
TGFBR1	259
TGFBR1	375
TGFBR1	487
TGFBR2	471
TGFBR2	520
TGFBR2	544
TGFBR2	553
TNFRSF14	1
TNFRSF14	111
TP53	104
TP53	105
TP53	107
TP53	109
TP53	110
TP53	111
TP53	113
TP53	120
TP53	125
TP53	126
TP53	127
TP53	130
TP53	131
TP53	132
TP53	133
TP53	134
TP53	135
TP53	136
TP53	141
TP53	143
TP53	144
TP53	146
TP53	151
TP53	152
TP53	154
TP53	155
TP53	157
TP53	158
TP53	159
TP53	161
TP53	163
TP53	164
TP53	165
TP53	167
TP53	168
TP53	172
TP53	173
TP53	175
TP53	176
TP53	178
TP53	179
TP53	181
TP53	190
TP53	192
TP53	193
TP53	194
TP53	195
TP53	196
TP53	197
TP53	198
TP53	205
TP53	208
TP53	213
TP53	214
TP53	215
TP53	216
TP53	218
TP53	220
TP53	232
TP53	234
TP53	236
TP53	237
TP53	238
TP53	239
TP53	241
TP53	242
TP53	244
TP53	245
TP53	246
TP53	247
TP53	248
TP53	249
TP53	250
TP53	251
TP53	254
TP53	255
TP53	257
TP53	258
TP53	259
TP53	262
TP53	265
TP53	266
TP53	267
TP53	270
TP53	271
TP53	272
TP53	273
TP53	274
TP53	275
TP53	277
TP53	278
TP53	280
TP53	281
TP53	282
TP53	285
TP53	286
TP53	294
TP53	298
TP53	306
TP53	317
TP53	331
TP53	337
TP53	342
TP53	53
TP53	91
TP53	X125_splice
TP53	X126_splice
TP53	X187_splice
TP53	X224_splice
TP53	X225_splice
TP53	X261_splice
TP53	X307_splice
TP53	X32_splice
TP53	X331_splice
TP53	X332_splice
TP53	X33_splice
TP63	365
TP63	379
TP63	609
TP63	X194_splice
TRAF7	189
TRAF7	520
TSC1	X797_splice
U2AF1	157
U2AF1	24
U2AF1	34
VHL	111
VHL	112
VHL	114
VHL	115
VHL	117
VHL	121
VHL	135
VHL	151
VHL	158
VHL	161
VHL	162
VHL	169
VHL	65
VHL	68
VHL	74
VHL	78
VHL	80
VHL	86
VHL	88
VHL	89
VHL	X114_splice
VHL	X155_splice
WHSC1	1150
NSD2	1150
XPO1	571
XPO1	749
